                  epoch,         train/box_loss,         train/cls_loss,         train/dfl_loss,   metrics/precision(B),      metrics/recall(B),       metrics/mAP50(B),    metrics/mAP50-95(B),           val/box_loss,           val/cls_loss,           val/dfl_loss,                 lr/pg0,                 lr/pg1,                 lr/pg2
                      1,                 2.9994,                 4.2804,                 4.2218,                      0,                      0,                      0,                      0,                 2.7399,                 4.5224,                 4.1566,             0.00013328,             0.00013328,             0.00013328
                      2,                 2.9497,                 4.2255,                 4.1567,                      0,                      0,                      0,                      0,                  2.743,                 4.5202,                 4.1521,             0.00027435,             0.00027435,             0.00027435
                      3,                 2.9378,                  4.145,                 4.0779,                      0,                      0,                      0,                      0,                 2.7487,                 4.6088,                 4.1468,             0.00041485,             0.00041485,             0.00041485
                      4,                    2.9,                  4.035,                   3.93,                      0,                      0,                      0,                      0,                 2.7585,                 4.7174,                 4.1452,             0.00055479,             0.00055479,             0.00055479
                      5,                 2.7516,                 3.9175,                 3.7606,                0.00027,                0.00562,                0.00023,                0.00017,                  2.768,                 4.7367,                 4.1562,             0.00069418,             0.00069418,             0.00069418
                      6,                 2.5055,                 3.8128,                 3.5193,                0.00033,                0.00806,                0.00205,                0.00116,                 2.8255,                  4.763,                 4.1781,             0.00082475,             0.00082475,             0.00082475
                      7,                 2.2902,                 3.6726,                 3.2804,                0.00134,                 0.0025,                0.00211,                0.00101,                  2.914,                 4.9936,                   4.19,              0.0008231,              0.0008231,              0.0008231
                      8,                 2.1326,                 3.5077,                 3.1164,                0.00108,                 0.0465,                0.00065,                0.00014,                 2.8455,                 4.8803,                 4.1571,             0.00082145,             0.00082145,             0.00082145
                      9,                 1.9643,                 3.3056,                 2.9113,                0.00408,                0.16914,                0.00352,                0.00111,                 2.7442,                 4.9832,                 4.1382,             0.00081981,             0.00081981,             0.00081981
                     10,                 1.8291,                 3.1644,                 2.7428,                0.00551,                0.16299,                0.01083,                0.00402,                 2.7274,                 4.7234,                 4.0926,             0.00081816,             0.00081816,             0.00081816
                     11,                 1.7994,                 3.0382,                 2.6634,                0.00219,                 0.0968,                0.00474,                0.00129,                 2.7392,                 4.7437,                  4.145,             0.00081651,             0.00081651,             0.00081651
                     12,                 1.7007,                 2.9059,                 2.5375,                0.28238,                 0.0025,                0.00207,                0.00108,                 2.7311,                  4.895,                  4.065,             0.00081486,             0.00081486,             0.00081486
                     13,                 1.5382,                 2.6951,                  2.347,                0.00379,                0.10806,                0.00601,                0.00353,                 2.6475,                 4.8426,                 4.0579,             0.00081321,             0.00081321,             0.00081321
                     14,                 1.5197,                 2.6715,                 2.2937,                0.08656,                  0.005,                0.01445,                0.00548,                 2.7359,                 4.8742,                 4.0257,             0.00081156,             0.00081156,             0.00081156
                     15,                 1.4429,                 2.5042,                 2.1659,                0.00358,                0.10545,                0.00449,                0.00293,                 2.7841,                 4.9199,                 3.9769,             0.00080991,             0.00080991,             0.00080991
                     16,                 1.3735,                 2.4768,                 2.1347,                0.00598,                0.23352,                0.01879,                0.00734,                 2.7253,                 4.7508,                 3.8649,             0.00080826,             0.00080826,             0.00080826
                     17,                 1.3392,                 2.3515,                 2.0859,                 0.0689,                   0.06,                0.03023,                0.01497,                 2.8996,                 4.6682,                 3.8409,             0.00080661,             0.00080661,             0.00080661
                     18,                 1.2946,                 2.2582,                 1.9999,                0.13323,                 0.0733,                 0.0528,                0.02188,                 2.8413,                 4.5831,                 3.7758,             0.00080496,             0.00080496,             0.00080496
                     19,                 1.2329,                 2.2315,                 1.9746,                0.00978,                0.29055,                0.02377,                0.00953,                 2.7019,                 4.6815,                 3.6937,             0.00080331,             0.00080331,             0.00080331
                     20,                 1.2251,                 2.2153,                 1.9524,                0.01154,                0.24425,                0.02546,                 0.0155,                  2.552,                 4.8041,                 3.6374,             0.00080166,             0.00080166,             0.00080166
                     21,                 1.1849,                 2.1275,                 1.8877,                0.11048,                0.11931,                0.04477,                0.01959,                 2.6275,                 4.7122,                 3.6429,             0.00080001,             0.00080001,             0.00080001
                     22,                 1.1755,                 2.1048,                 1.8866,                0.00923,                0.26047,                0.01507,                 0.0052,                 2.7358,                 4.9337,                 3.7121,             0.00079836,             0.00079836,             0.00079836
                     23,                 1.1116,                 2.0852,                 1.8202,                0.00786,                0.23646,                 0.0273,                0.01193,                  2.769,                 4.9804,                 3.8246,             0.00079671,             0.00079671,             0.00079671
                     24,                  1.102,                 1.9921,                 1.8207,                0.06167,                0.04508,                0.05085,                0.02888,                  2.655,                 4.7121,                  3.667,             0.00079507,             0.00079507,             0.00079507
                     25,                 1.0683,                  2.016,                 1.7687,                0.01274,                0.28839,                0.03122,                0.01366,                 2.8325,                 4.7312,                 3.7417,             0.00079342,             0.00079342,             0.00079342
                     26,                 1.0633,                 1.9696,                 1.7354,                0.17845,                0.16299,                0.07176,                0.04512,                 2.6786,                 4.6933,                 3.5952,             0.00079177,             0.00079177,             0.00079177
                     27,                 1.0407,                 1.9837,                 1.7271,                0.00893,                0.10049,                  0.008,                0.00362,                 2.8827,                 5.1906,                 3.8368,             0.00079012,             0.00079012,             0.00079012
                     28,                0.99997,                 1.8997,                 1.6982,                0.13873,                0.08294,                0.05843,                0.03386,                 2.7784,                 4.8101,                 3.6346,             0.00078847,             0.00078847,             0.00078847
                     29,                 1.0079,                 1.8693,                 1.6607,                 0.1486,                0.12214,                0.05234,                0.03373,                 2.6808,                 4.8421,                 3.6149,             0.00078682,             0.00078682,             0.00078682
                     30,                0.97264,                 1.8295,                 1.6445,                0.01318,                0.22852,                0.01707,                0.00905,                 2.7494,                 5.1639,                 3.7962,             0.00078517,             0.00078517,             0.00078517
                     31,                0.97083,                  1.818,                 1.6412,                0.10716,                0.10533,                0.06218,                0.04222,                 2.6556,                 4.9164,                 3.5381,             0.00078352,             0.00078352,             0.00078352
                     32,                0.92131,                 1.7849,                  1.597,                0.12827,                0.09547,                0.05759,                0.03959,                 2.6958,                 4.8737,                 3.5954,             0.00078187,             0.00078187,             0.00078187
                     33,                0.89436,                 1.7759,                  1.594,                0.08198,                 0.1797,                0.04766,                0.03142,                 2.5818,                 5.0416,                 3.6568,             0.00078022,             0.00078022,             0.00078022
                     34,                0.92499,                 1.7781,                 1.5844,                0.02167,                0.25277,                  0.047,                0.02684,                 2.5305,                 5.0577,                 3.6409,             0.00077857,             0.00077857,             0.00077857
                     35,                0.89763,                 1.7216,                 1.5678,                0.02001,                  0.253,                0.02394,                0.01536,                  2.526,                 5.1134,                 3.5741,             0.00077692,             0.00077692,             0.00077692
                     36,                0.88427,                 1.6936,                 1.5517,                0.18764,                0.19326,                0.08382,                0.03713,                 2.7671,                  4.856,                 3.6552,             0.00077527,             0.00077527,             0.00077527
                     37,                 0.9053,                 1.7258,                 1.5395,                0.12237,                0.15222,                0.05065,                0.03196,                 2.5732,                 4.9159,                 3.5036,             0.00077362,             0.00077362,             0.00077362
                     38,                0.89337,                 1.7263,                 1.5542,                0.09954,                0.06627,                 0.0539,                0.02611,                 2.7418,                 5.0996,                 3.6492,             0.00077197,             0.00077197,             0.00077197
                     39,                0.86704,                 1.7055,                 1.5328,                0.02755,                 0.2351,                0.06501,                0.03403,                 2.6811,                 5.0983,                 3.7182,             0.00077033,             0.00077033,             0.00077033
                     40,                0.84905,                 1.6701,                 1.5067,                0.25031,                0.10944,                0.08747,                0.04931,                 2.6394,                 4.9682,                 3.4992,             0.00076868,             0.00076868,             0.00076868
                     41,                0.86429,                 1.6472,                 1.4999,                0.16057,                0.18476,                0.10627,                 0.0612,                 2.5832,                 4.9609,                 3.4788,             0.00076703,             0.00076703,             0.00076703
                     42,                0.82545,                 1.6287,                 1.4688,                0.15166,                0.14289,                0.06113,                0.03904,                 2.6159,                 5.0413,                 3.5196,             0.00076538,             0.00076538,             0.00076538
                     43,                0.80421,                 1.5848,                 1.4529,                0.23328,                0.19567,                0.08917,                0.06179,                  2.632,                 4.9092,                 3.4758,             0.00076373,             0.00076373,             0.00076373
                     44,                0.79461,                 1.5503,                 1.4531,                0.11541,                0.24131,                 0.0836,                0.06496,                 2.5631,                 5.1321,                 3.5092,             0.00076208,             0.00076208,             0.00076208
                     45,                0.80537,                    1.6,                 1.4513,                0.05054,                0.26184,                0.09945,                0.07391,                  2.593,                 5.1955,                 3.5162,             0.00076043,             0.00076043,             0.00076043
                     46,                0.83604,                 1.6279,                 1.4628,                0.08568,                0.04941,                0.07213,                0.05502,                 2.5857,                 5.1883,                 3.4976,             0.00075878,             0.00075878,             0.00075878
                     47,                0.80249,                 1.5578,                 1.4495,                0.16368,                0.14501,                0.10121,                0.06742,                 2.5817,                 4.9944,                 3.4751,             0.00075713,             0.00075713,             0.00075713
                     48,                0.83439,                 1.5398,                 1.4381,                 0.1652,                0.12869,                0.07576,                0.04744,                 2.7576,                 5.1237,                 3.5466,             0.00075548,             0.00075548,             0.00075548
                     49,                0.84351,                 1.5316,                 1.4391,                0.19818,                0.11627,                0.09449,                0.05801,                  2.646,                 5.0198,                 3.4286,             0.00075383,             0.00075383,             0.00075383
                     50,                 0.8364,                 1.5079,                 1.4648,                0.19838,                0.13817,                0.09615,                0.06502,                 2.6456,                 5.0927,                  3.498,             0.00075218,             0.00075218,             0.00075218
                     51,                0.79416,                 1.4688,                 1.4038,                0.19012,                0.18859,                0.08442,                  0.055,                 2.6871,                 5.1169,                 3.5302,             0.00075053,             0.00075053,             0.00075053
                     52,                0.81381,                 1.5083,                   1.43,                0.17331,                0.15386,                0.09021,                0.06704,                 2.5733,                 5.0674,                 3.4415,             0.00074888,             0.00074888,             0.00074888
                     53,                0.81308,                 1.4841,                 1.4292,                0.22301,                0.18288,                0.08849,                0.06053,                 2.6855,                  5.208,                 3.5478,             0.00074723,             0.00074723,             0.00074723
                     54,                0.74705,                 1.4282,                 1.3848,                0.20277,                0.16609,                0.10711,                0.07161,                 2.6979,                   5.25,                 3.5184,             0.00074558,             0.00074558,             0.00074558
                     55,                0.79218,                 1.4586,                 1.3909,                0.19981,                0.18308,                 0.0967,                0.07223,                 2.6616,                 5.1961,                 3.4886,             0.00074394,             0.00074394,             0.00074394
                     56,                0.75582,                 1.4307,                  1.406,                0.19703,                0.19352,                 0.0921,                0.06347,                 2.6753,                 5.1613,                 3.4952,             0.00074229,             0.00074229,             0.00074229
                     57,                  0.739,                 1.3337,                 1.3652,                0.15891,                0.17358,                0.10822,                0.07774,                 2.5614,                 5.2604,                  3.454,             0.00074064,             0.00074064,             0.00074064
                     58,                0.72756,                 1.3821,                 1.3752,                0.20319,                0.21792,                0.11372,                0.07735,                 2.5101,                 5.0213,                 3.3463,             0.00073899,             0.00073899,             0.00073899
                     59,                0.77173,                 1.3602,                 1.3691,                0.25361,                0.20011,                0.13282,                0.09789,                 2.5187,                 5.0356,                 3.3967,             0.00073734,             0.00073734,             0.00073734
                     60,                0.78414,                 1.3527,                 1.3868,                0.23446,                0.16694,                0.12576,                0.08691,                  2.533,                 5.2254,                  3.449,             0.00073569,             0.00073569,             0.00073569
                     61,                0.76738,                 1.3547,                 1.3619,                0.02636,                0.16832,                0.04731,                0.02745,                 2.7127,                 5.6095,                 3.6424,             0.00073404,             0.00073404,             0.00073404
                     62,                0.72852,                 1.3064,                 1.3604,                 0.2007,                0.17903,                0.11722,                0.08319,                 2.5496,                 5.1939,                 3.4074,             0.00073239,             0.00073239,             0.00073239
                     63,                0.76606,                 1.3605,                 1.3529,                0.16602,                0.10651,                 0.0958,                 0.0751,                  2.522,                 5.4193,                 3.5131,             0.00073074,             0.00073074,             0.00073074
                     64,                0.76162,                 1.3153,                 1.3659,                0.23381,                0.15869,                0.12381,                0.08507,                 2.5608,                 5.3194,                  3.554,             0.00072909,             0.00072909,             0.00072909
                     65,                0.74251,                 1.3184,                 1.3541,                0.22095,                0.19644,                0.10707,                0.07527,                 2.5448,                 5.3788,                 3.5165,             0.00072744,             0.00072744,             0.00072744
                     66,                0.71884,                 1.2466,                 1.3254,                0.14258,                0.13274,                 0.0838,                0.06143,                 2.4762,                 5.4178,                 3.4708,             0.00072579,             0.00072579,             0.00072579
                     67,                0.75616,                  1.238,                 1.3399,                0.18129,                0.14631,                0.08337,                0.05887,                 2.5375,                 5.2937,                  3.461,             0.00072414,             0.00072414,             0.00072414
                     68,                0.70724,                 1.2161,                  1.316,                0.17689,                0.16561,                  0.089,                0.06552,                  2.522,                  5.308,                 3.4476,             0.00072249,             0.00072249,             0.00072249
                     69,                0.73697,                  1.258,                 1.3472,                0.21462,                0.17556,                0.11051,                0.08124,                 2.6099,                 5.4042,                 3.5179,             0.00072084,             0.00072084,             0.00072084
                     70,                 0.7123,                 1.2201,                 1.3154,                0.18238,                0.16667,                 0.0965,                0.06592,                 2.6239,                 5.4172,                 3.5255,              0.0007192,              0.0007192,              0.0007192
                     71,                0.74702,                 1.2064,                 1.3528,                0.17629,                0.17643,                0.10002,                0.07154,                 2.4871,                 5.1613,                 3.3024,             0.00071755,             0.00071755,             0.00071755
                     72,                0.69963,                 1.1879,                 1.3077,                0.16677,                0.13069,                0.09057,                 0.0604,                 2.5664,                 5.4153,                 3.4627,              0.0007159,              0.0007159,              0.0007159
                     73,                0.66271,                 1.1747,                 1.3027,                0.29009,                0.15825,                0.12388,                0.09716,                 2.4958,                 5.2449,                 3.3345,             0.00071425,             0.00071425,             0.00071425
                     74,                0.77233,                 1.2516,                 1.3616,                0.18961,                0.17662,                0.10935,                0.07887,                  2.511,                 5.0933,                 3.2946,              0.0007126,              0.0007126,              0.0007126
                     75,                0.70477,                 1.2325,                 1.3232,                0.20743,                  0.197,                0.12874,                0.09264,                 2.5091,                 5.2013,                 3.3571,             0.00071095,             0.00071095,             0.00071095
                     76,                0.73669,                 1.1712,                 1.3518,                0.12585,                0.13808,                0.07556,                0.06047,                  2.524,                 5.7103,                 3.5471,              0.0007093,              0.0007093,              0.0007093
                     77,                 0.7251,                 1.1626,                 1.3261,                0.18592,                0.17221,                0.09376,                0.06024,                 2.6287,                 5.4547,                 3.5791,             0.00070765,             0.00070765,             0.00070765
                     78,                0.67406,                 1.1117,                 1.2768,                0.23621,                0.13657,                0.09801,                0.06937,                 2.5841,                 5.4428,                 3.4737,               0.000706,               0.000706,               0.000706
                     79,                0.67604,                 1.0891,                 1.2762,                  0.179,                0.16128,                0.09848,                0.06623,                 2.5674,                 5.2104,                 3.3725,             0.00070435,             0.00070435,             0.00070435
                     80,                0.67826,                 1.0968,                  1.285,                0.21134,                0.16826,                0.10054,                0.07109,                 2.5178,                 5.3812,                 3.4383,              0.0007027,              0.0007027,              0.0007027
                     81,                 0.6845,                 1.0846,                 1.2991,                0.22697,                0.17868,                0.11822,                0.08888,                 2.5258,                 5.3607,                   3.41,             0.00070105,             0.00070105,             0.00070105
                     82,                0.70476,                 1.0793,                  1.307,                 0.2157,                0.17139,                0.09992,                0.07833,                 2.5154,                 5.4796,                 3.4524,              0.0006994,              0.0006994,              0.0006994
                     83,                0.67407,                 1.0334,                  1.298,                0.28073,                0.14405,                0.11468,                0.09234,                 2.4118,                 5.3814,                 3.3366,             0.00069775,             0.00069775,             0.00069775
                     84,                0.68027,                 1.0734,                 1.2828,                0.18282,                0.14344,                0.08492,                 0.0641,                 2.5803,                 5.5103,                 3.5413,              0.0006961,              0.0006961,              0.0006961
                     85,                0.67005,                 1.0746,                  1.292,                0.05242,                0.21321,                0.06845,                0.04895,                 2.6455,                 5.8381,                 3.6561,             0.00069446,             0.00069446,             0.00069446
                     86,                0.68008,                 1.0749,                 1.2903,                0.18705,                0.10192,                 0.0813,                0.05857,                 2.5414,                 5.6115,                 3.4637,             0.00069281,             0.00069281,             0.00069281
                     87,                0.67967,                 1.1695,                 1.2876,                0.11785,                0.15896,                  0.062,                0.04656,                 2.5106,                 5.6787,                 3.4603,             0.00069116,             0.00069116,             0.00069116
                     88,                0.65917,                 1.0912,                 1.2741,                 0.0485,                0.22423,                0.06985,                0.05002,                 2.4856,                 5.6533,                 3.4142,             0.00068951,             0.00068951,             0.00068951
                     89,                0.65656,                 1.1087,                 1.2836,                0.15824,                0.14459,                0.08382,                0.06348,                 2.4857,                 5.5423,                 3.2959,             0.00068786,             0.00068786,             0.00068786
                     90,                0.67572,                  1.048,                 1.2752,                0.20821,                0.15041,                 0.0853,                0.06332,                 2.4617,                 5.6071,                 3.3011,             0.00068621,             0.00068621,             0.00068621
                     91,                 0.6327,                 1.0001,                 1.2409,                0.28841,                0.14137,                0.10298,                0.06916,                  2.589,                 5.5597,                 3.4056,             0.00068456,             0.00068456,             0.00068456
                     92,                0.65265,                 1.0134,                 1.2643,                0.30226,                0.14204,                0.09066,                0.06468,                 2.5432,                 5.5968,                 3.4017,             0.00068291,             0.00068291,             0.00068291
                     93,                 0.6495,                 1.0173,                 1.2652,                0.31005,                0.15952,                0.10537,                0.07917,                 2.5895,                 5.5579,                 3.4199,             0.00068126,             0.00068126,             0.00068126
                     94,                0.66102,                 1.0749,                 1.2731,                 0.2882,                0.16268,                0.10973,                0.08818,                 2.5276,                 5.5693,                 3.4083,             0.00067961,             0.00067961,             0.00067961
                     95,                0.63932,                 1.0039,                 1.2576,                0.14109,                0.19667,                0.09317,                0.06805,                 2.5338,                 5.7353,                 3.5465,             0.00067796,             0.00067796,             0.00067796
                     96,                0.67654,                   1.02,                 1.2761,                0.29291,                0.15026,                0.10717,                0.08039,                 2.6208,                 5.6733,                 3.5558,             0.00067631,             0.00067631,             0.00067631
                     97,                0.62676,                0.94548,                 1.2442,                0.28755,                0.12042,                0.09283,                0.06819,                 2.5712,                 5.8696,                 3.5424,             0.00067466,             0.00067466,             0.00067466
                     98,                 0.6432,                0.98938,                 1.2358,                0.12887,                0.16007,                0.07549,                0.05767,                 2.5139,                 6.0473,                  3.581,             0.00067301,             0.00067301,             0.00067301
                     99,                0.67128,                 1.0078,                 1.2602,                0.15218,                0.12757,                0.07832,                0.06037,                  2.525,                 5.9764,                 3.5663,             0.00067136,             0.00067136,             0.00067136
                    100,                0.60337,                 0.9817,                 1.2223,                0.05266,                0.20735,                0.06902,                0.04541,                 2.5728,                 6.0211,                 3.5949,             0.00066972,             0.00066972,             0.00066972
                    101,                0.62155,                0.94339,                 1.2276,                0.26288,                0.11598,                0.09534,                0.07093,                 2.5234,                 5.7418,                 3.4598,             0.00066807,             0.00066807,             0.00066807
                    102,                0.62932,                 0.9133,                 1.2302,                0.15515,                0.11741,                0.08681,                 0.0595,                 2.6327,                 5.9272,                 3.5998,             0.00066642,             0.00066642,             0.00066642
                    103,                0.63419,                0.96489,                 1.2248,                0.26138,                0.12919,                0.08958,                0.06405,                 2.6194,                 5.8841,                 3.5543,             0.00066477,             0.00066477,             0.00066477
                    104,                0.62976,                  0.924,                  1.225,                0.05588,                0.21254,                0.07481,                0.05624,                  2.509,                 5.9634,                 3.5151,             0.00066312,             0.00066312,             0.00066312
                    105,                0.66437,                0.95101,                 1.2584,                0.32268,                0.14001,                0.11236,                0.07433,                 2.5886,                 5.8898,                  3.546,             0.00066147,             0.00066147,             0.00066147
                    106,                0.64608,                 0.9592,                 1.2536,                0.21755,                0.16552,                 0.1014,                0.07475,                 2.4922,                 5.8095,                 3.4446,             0.00065982,             0.00065982,             0.00065982
                    107,                0.65102,                 1.0142,                 1.2571,                0.22471,                0.16016,                0.11195,                0.08235,                 2.5315,                   5.79,                  3.456,             0.00065817,             0.00065817,             0.00065817
                    108,                 0.5979,                0.88938,                 1.2167,                0.23334,                0.08965,                0.08758,                0.06447,                 2.5205,                 5.9811,                 3.5059,             0.00065652,             0.00065652,             0.00065652
                    109,                 0.6284,                0.91793,                 1.2307,                0.24956,                0.13662,                0.10139,                0.08072,                 2.4522,                 5.6809,                 3.3752,             0.00065487,             0.00065487,             0.00065487
                    110,                0.58553,                0.91096,                 1.2109,                 0.2102,                0.15961,                0.10114,                0.08152,                 2.4559,                  5.655,                 3.3768,             0.00065322,             0.00065322,             0.00065322
                    111,                0.63782,                0.92487,                  1.234,                0.24643,                0.11779,                0.08559,                0.06131,                 2.5904,                 5.9096,                 3.5306,             0.00065157,             0.00065157,             0.00065157
                    112,                0.59061,                0.88405,                 1.2019,                0.15253,                0.12896,                0.08594,                0.05829,                  2.663,                 5.8407,                 3.5751,             0.00064992,             0.00064992,             0.00064992
                    113,                0.63541,                0.91247,                 1.2275,                0.07609,                0.20523,                0.08557,                0.06719,                 2.5819,                 5.9817,                 3.5648,             0.00064827,             0.00064827,             0.00064827
                    114,                0.63235,                0.90796,                 1.2387,                0.07898,                0.21162,                0.09235,                0.06787,                 2.5287,                 6.0242,                 3.5446,             0.00064662,             0.00064662,             0.00064662
                    115,                0.61039,                0.86595,                 1.2273,                0.15381,                0.13462,                 0.0965,                0.06705,                 2.5393,                 6.0108,                 3.5075,             0.00064498,             0.00064498,             0.00064498
                    116,                0.62807,                0.88188,                 1.2171,                0.06695,                0.20008,                0.07903,                0.06236,                 2.5578,                 6.0976,                 3.5354,             0.00064333,             0.00064333,             0.00064333
                    117,                0.66053,                0.88373,                 1.2454,                0.17521,                0.14173,                 0.0879,                0.06095,                 2.6474,                 5.9057,                 3.5767,             0.00064168,             0.00064168,             0.00064168
                    118,                0.61912,                0.87806,                 1.2143,                 0.2514,                  0.128,                0.10063,                0.07501,                 2.5055,                 5.8172,                 3.3998,             0.00064003,             0.00064003,             0.00064003
                    119,                0.61586,                0.87854,                 1.2071,                0.21953,                0.16111,                0.10744,                0.07716,                 2.4384,                 5.6194,                 3.2913,             0.00063838,             0.00063838,             0.00063838
                    120,                0.61597,                0.88917,                 1.2295,                 0.2193,                0.11373,                0.09204,                0.06686,                 2.5149,                 5.8168,                 3.4659,             0.00063673,             0.00063673,             0.00063673
                    121,                0.63837,                0.89309,                 1.2393,                0.04844,                0.15739,                0.06086,                0.04368,                 2.5648,                  6.246,                 3.6456,             0.00063508,             0.00063508,             0.00063508
                    122,                0.58659,                0.81128,                 1.2051,                0.26194,                0.12636,                0.09909,                0.07094,                 2.5002,                 5.8621,                 3.4844,             0.00063343,             0.00063343,             0.00063343
                    123,                0.64616,                0.84679,                 1.2539,                0.21571,                0.17053,                0.10825,                0.07878,                 2.4312,                 5.7127,                  3.458,             0.00063178,             0.00063178,             0.00063178
                    124,                0.63182,                0.91037,                 1.2348,                0.21004,                0.14944,                0.12168,                0.08525,                 2.4704,                 5.7553,                 3.4259,             0.00063013,             0.00063013,             0.00063013
                    125,                0.62617,                0.84337,                 1.2443,                0.06138,                0.19816,                0.07465,                0.04441,                 2.5999,                 6.0484,                 3.5623,             0.00062848,             0.00062848,             0.00062848
                    126,                0.59462,                0.81241,                 1.2022,                0.11374,                0.12292,                0.08584,                0.06246,                 2.5284,                 5.9027,                 3.4572,             0.00062683,             0.00062683,             0.00062683
                    127,                0.59715,                0.77894,                 1.2069,                0.06336,                0.19139,                0.08555,                0.06026,                 2.4626,                 5.9949,                 3.4369,             0.00062518,             0.00062518,             0.00062518
                    128,                0.58658,                  0.825,                 1.1912,                0.07666,                0.21777,                0.09745,                0.07062,                 2.4433,                  5.945,                 3.4211,             0.00062353,             0.00062353,             0.00062353
                    129,                 0.5959,                0.79351,                 1.2098,                0.07364,                0.21908,                0.08689,                 0.0643,                 2.4603,                 5.9365,                 3.4608,             0.00062188,             0.00062188,             0.00062188
                    130,                0.59066,                0.88001,                 1.1986,                0.04572,                0.15932,                0.04808,                0.03362,                 2.4815,                 6.2321,                 3.4928,             0.00062024,             0.00062024,             0.00062024
                    131,                0.59908,                0.80219,                  1.218,                0.08627,                0.21467,                0.08672,                0.06436,                 2.4936,                 6.1479,                 3.4725,             0.00061859,             0.00061859,             0.00061859
                    132,                0.61432,                0.77031,                 1.2223,                0.08969,                0.21509,                0.09232,                0.07166,                 2.5113,                 6.0159,                 3.4168,             0.00061694,             0.00061694,             0.00061694
                    133,                0.64349,                0.85647,                 1.2445,                0.07465,                0.18889,                 0.0744,                0.05283,                 2.5241,                 6.0366,                 3.4479,             0.00061529,             0.00061529,             0.00061529
                    134,                0.59707,                0.77148,                 1.1965,                0.06752,                0.22962,                0.08517,                   0.06,                 2.4752,                 6.0329,                 3.4401,             0.00061364,             0.00061364,             0.00061364
                    135,                0.57432,                0.81359,                  1.188,                0.07207,                0.20878,                0.09147,                0.06401,                  2.507,                 6.1577,                 3.4849,             0.00061199,             0.00061199,             0.00061199
                    136,                0.56688,                0.80586,                 1.1841,                0.07556,                0.20343,                0.08382,                 0.0636,                 2.5678,                 6.2926,                 3.5716,             0.00061034,             0.00061034,             0.00061034
                    137,                0.58516,                0.80233,                 1.1919,                0.08813,                0.20628,                0.10305,                0.08332,                 2.4859,                 6.1701,                  3.548,             0.00060869,             0.00060869,             0.00060869
                    138,                0.58984,                0.80094,                 1.2045,                0.06481,                0.20487,                0.07171,                0.05677,                 2.4745,                 6.1818,                 3.5635,             0.00060704,             0.00060704,             0.00060704
                    139,                0.58772,                0.80652,                 1.1954,                 0.0686,                 0.2163,                0.07736,                0.05633,                 2.5286,                 6.0696,                 3.5271,             0.00060539,             0.00060539,             0.00060539
                    140,                0.57549,                 0.7605,                 1.1942,                0.06527,                0.23046,                0.08553,                0.06703,                 2.4332,                 6.2201,                 3.5337,             0.00060374,             0.00060374,             0.00060374
                    141,                0.57708,                 0.7863,                 1.1923,                 0.0694,                0.20076,                   0.07,                0.05246,                 2.4702,                  6.295,                 3.5219,             0.00060209,             0.00060209,             0.00060209
                    142,                0.58149,                0.79477,                  1.182,                0.05962,                0.21498,                0.06512,                0.04703,                 2.4882,                 6.2388,                 3.4752,             0.00060044,             0.00060044,             0.00060044
                    143,                0.60582,                0.76738,                 1.2067,                0.06017,                0.11518,                0.04539,                0.02901,                 2.6206,                 6.4868,                 3.6795,             0.00059879,             0.00059879,             0.00059879
                    144,                0.57934,                0.77302,                 1.1837,                  0.215,                0.15024,                0.10159,                0.07699,                 2.4893,                 6.0256,                 3.4081,             0.00059714,             0.00059714,             0.00059714
                    145,                0.56399,                0.79233,                 1.1629,                0.28736,                0.14202,                 0.1155,                0.09168,                 2.4633,                 6.1592,                 3.4415,              0.0005955,              0.0005955,              0.0005955
                    146,                0.57513,                0.77195,                 1.1855,                0.05629,                0.21129,                0.08365,                0.05897,                  2.537,                 6.2439,                 3.5202,             0.00059385,             0.00059385,             0.00059385
                    147,                0.55031,                0.80865,                 1.1679,                0.24482,                0.10908,                0.07518,                0.05317,                 2.5139,                 6.0844,                 3.4169,              0.0005922,              0.0005922,              0.0005922
                    148,                0.56653,                0.78747,                 1.1976,                0.12325,                0.10515,                0.08145,                0.05693,                 2.4942,                 6.0389,                 3.3581,             0.00059055,             0.00059055,             0.00059055
                    149,                0.56632,                0.74539,                 1.1807,                 0.1459,                0.17419,                0.08982,                0.06913,                 2.4328,                 6.0659,                 3.3325,              0.0005889,              0.0005889,              0.0005889
                    150,                0.56357,                0.74058,                  1.169,                0.19292,                0.12188,                0.10529,                 0.0834,                 2.4838,                 6.0409,                 3.4441,             0.00058725,             0.00058725,             0.00058725
                    151,                0.56998,                0.73521,                 1.1898,                0.07081,                0.20607,                0.07363,                0.06218,                 2.4869,                  6.236,                 3.4622,              0.0005856,              0.0005856,              0.0005856
                    152,                0.56853,                0.80625,                  1.178,                0.06698,                0.19015,                0.06862,                0.05152,                 2.5761,                 6.3257,                 3.4906,             0.00058395,             0.00058395,             0.00058395
                    153,                0.56881,                 0.7432,                 1.1959,                0.07248,                0.14511,                0.05851,                0.04321,                 2.5686,                 6.4268,                 3.5639,              0.0005823,              0.0005823,              0.0005823
                    154,                0.54821,                0.72214,                 1.1755,                0.07854,                0.18552,                0.08788,                0.06731,                  2.493,                 6.1627,                 3.4061,             0.00058065,             0.00058065,             0.00058065
                    155,                0.58542,                0.75183,                 1.1914,                0.12594,                0.11019,                0.09187,                0.07263,                 2.4428,                 6.0932,                 3.3502,               0.000579,               0.000579,               0.000579
                    156,                0.56491,                0.76469,                 1.1849,                0.08268,                0.06876,                0.05877,                0.03955,                 2.5917,                 6.3762,                 3.5441,             0.00057735,             0.00057735,             0.00057735
                    157,                0.56858,                0.67284,                 1.1776,                 0.0633,                0.06992,                0.05797,                0.04225,                 2.4948,                 6.2714,                 3.3888,              0.0005757,              0.0005757,              0.0005757
                    158,                 0.5645,                 0.7046,                 1.1918,                0.30417,                0.06801,                0.03646,                0.02602,                  2.472,                  6.308,                   3.36,             0.00057405,             0.00057405,             0.00057405
                    159,                0.56232,                 0.7312,                  1.193,                 0.0549,                0.15294,                0.05868,                0.04357,                 2.4696,                 6.3056,                 3.4834,              0.0005724,              0.0005724,              0.0005724
